pair,APO,APO_Ca,Status,Comparison,Icilin,Icilin_Ca
1002-1006,0.588,0.5982,Maintained,APO vs APO_Ca,,
1003-1007,0.6265,0.6697,Maintained,APO vs APO_Ca,,
1004-1008,0.536,0.3187,Rearranged,APO vs APO_Ca,,
741-1005,0.5655,0.2323,Rearranged,APO vs APO_Ca,,
749-836,0.4885,0.7137,Rearranged,APO vs APO_Ca,,
752-752,0.1703,0.5042,Rearranged,APO vs APO_Ca,,
756-829,0.2455,0.531,Rearranged,APO vs APO_Ca,,
761-763,0.5098,0.2265,Rearranged,APO vs APO_Ca,,
768-816,0.7485,0.697,Maintained,APO vs APO_Ca,,
769-773,0.9537,0.6973,Rearranged,APO vs APO_Ca,,
776-780,0.8582,0.6947,Maintained,APO vs APO_Ca,,
778-781,0.374,0.1003,Rearranged,APO vs APO_Ca,,
782-1008,0.0203,0.2465,Rearranged,APO vs APO_Ca,,
782-793,0.1242,0.982,Rearranged,APO vs APO_Ca,,
782-802,0.4042,0.0025,Rearranged,APO vs APO_Ca,,
793-799,0.1123,0.735,Rearranged,APO vs APO_Ca,,
796-798,0.2062,0.5393,Rearranged,APO vs APO_Ca,,
797-997,0.0095,0.233,Rearranged,APO vs APO_Ca,,
799-803,0.4685,0.9535,Rearranged,APO vs APO_Ca,,
805-835,0.8612,0.883,Maintained,APO vs APO_Ca,,
808-835,0.0877,0.3075,Rearranged,APO vs APO_Ca,,
815-819,0.029,0.3875,Rearranged,APO vs APO_Ca,,
816-818,0.2352,0.034,Rearranged,APO vs APO_Ca,,
816-825,0.2662,0.006,Rearranged,APO vs APO_Ca,,
818-820,0.242,0.0147,Rearranged,APO vs APO_Ca,,
818-824,0.3957,0.0075,Rearranged,APO vs APO_Ca,,
821-823,0.5078,0.508,Maintained,APO vs APO_Ca,,
824-827,0.2672,0.6155,Rearranged,APO vs APO_Ca,,
829-833,0.8297,0.7645,Maintained,APO vs APO_Ca,,
830-834,0.389,0.0678,Rearranged,APO vs APO_Ca,,
836-840,0.9745,0.9912,Maintained,APO vs APO_Ca,,
842-1004,0.0045,0.351,Rearranged,APO vs APO_Ca,,
843-846,0.4303,0.2293,Rearranged,APO vs APO_Ca,,
844-848,0.441,0.123,Rearranged,APO vs APO_Ca,,
845-848,0.4215,0.6965,Rearranged,APO vs APO_Ca,,
845-861,0.0013,0.2243,Rearranged,APO vs APO_Ca,,
848-994,0.7115,0.9788,Rearranged,APO vs APO_Ca,,
851-851,0.587,0.1057,Rearranged,APO vs APO_Ca,,
853-856,0.5437,0.509,Maintained,APO vs APO_Ca,,
855-981,0.013,0.2228,Rearranged,APO vs APO_Ca,,
864-866,0.061,0.2747,Rearranged,APO vs APO_Ca,,
869-872,0.4645,0.185,Rearranged,APO vs APO_Ca,,
877-961,0.242,0.005,Rearranged,APO vs APO_Ca,,
878-907,0.0283,0.2377,Rearranged,APO vs APO_Ca,,
885-914,0.4805,0.1475,Rearranged,APO vs APO_Ca,,
886-902,0.0605,0.3463,Rearranged,APO vs APO_Ca,,
886-906,0.0103,0.2112,Rearranged,APO vs APO_Ca,,
896-897,0.3222,0.0323,Rearranged,APO vs APO_Ca,,
906-917,0.2065,0.0,Disrupted,APO vs APO_Ca,,
923-956,0.001,0.2382,Rearranged,APO vs APO_Ca,,
924-925,0.4582,0.225,Rearranged,APO vs APO_Ca,,
932-934,0.1035,0.3118,Rearranged,APO vs APO_Ca,,
949-950,0.0437,0.3708,Rearranged,APO vs APO_Ca,,
951-954,0.0175,0.2667,Rearranged,APO vs APO_Ca,,
954-954,0.1482,0.4472,Rearranged,APO vs APO_Ca,,
960-963,0.0248,0.2873,Rearranged,APO vs APO_Ca,,
961-966,0.3515,0.0,Disrupted,APO vs APO_Ca,,
962-966,0.1613,0.6428,Rearranged,APO vs APO_Ca,,
963-967,0.4002,0.781,Rearranged,APO vs APO_Ca,,
964-968,0.2442,0.6382,Rearranged,APO vs APO_Ca,,
973-973,0.3185,0.1172,Rearranged,APO vs APO_Ca,,
986-990,0.3575,0.0335,Rearranged,APO vs APO_Ca,,
795-997,0.0,0.2162,Gained,APO vs APO_Ca,,
1002-1006,0.588,,Maintained,APO vs Icilin,0.5687,
1003-1007,0.6265,,Maintained,APO vs Icilin,0.5853,
1004-1008,0.536,,Maintained,APO vs Icilin,0.6993,
741-1005,0.5655,,Rearranged,APO vs Icilin,0.1407,
745-748,0.5667,,Maintained,APO vs Icilin,0.5112,
745-839,0.608,,Rearranged,APO vs Icilin,0.885,
749-836,0.4885,,Rearranged,APO vs Icilin,0.7195,
752-756,0.4273,,Rearranged,APO vs Icilin,0.2177,
759-761,0.2177,,Rearranged,APO vs Icilin,0.4345,
759-765,0.2865,,Rearranged,APO vs Icilin,0.0775,
761-763,0.5098,,Maintained,APO vs Icilin,0.5455,
761-816,0.0488,,Rearranged,APO vs Icilin,0.3468,
762-816,0.447,,Rearranged,APO vs Icilin,0.091,
768-816,0.7485,,Maintained,APO vs Icilin,0.5695,
769-773,0.9537,,Maintained,APO vs Icilin,0.8878,
776-780,0.8582,,Maintained,APO vs Icilin,0.8135,
782-1008,0.0203,,Rearranged,APO vs Icilin,0.2795,
782-793,0.1242,,Rearranged,APO vs Icilin,0.453,
798-845,0.0563,,Rearranged,APO vs Icilin,0.2595,
802-842,0.4522,,Rearranged,APO vs Icilin,0.8247,
805-835,0.8612,,Maintained,APO vs Icilin,0.979,
816-825,0.2662,,Rearranged,APO vs Icilin,0.0047,
818-824,0.3957,,Rearranged,APO vs Icilin,0.062,
829-833,0.8297,,Maintained,APO vs Icilin,0.8435,
836-840,0.9745,,Maintained,APO vs Icilin,0.9898,
837-841,0.132,,Rearranged,APO vs Icilin,0.3635,
840-843,0.486,,Rearranged,APO vs Icilin,0.2712,
842-845,0.3723,,Rearranged,APO vs Icilin,0.0747,
844-848,0.441,,Rearranged,APO vs Icilin,0.2285,
845-861,0.0013,,Rearranged,APO vs Icilin,0.209,
848-994,0.7115,,Rearranged,APO vs Icilin,0.9715,
851-991,0.5583,,Rearranged,APO vs Icilin,0.3485,
853-856,0.5437,,Maintained,APO vs Icilin,0.5158,
855-990,0.13,,Rearranged,APO vs Icilin,0.7525,
862-989,0.3902,,Rearranged,APO vs Icilin,0.066,
862-990,0.486,,Rearranged,APO vs Icilin,0.1555,
869-872,0.4645,,Rearranged,APO vs Icilin,0.2395,
885-914,0.4805,,Rearranged,APO vs Icilin,0.0568,
887-891,0.2612,,Disrupted,APO vs Icilin,0.0,
893-895,0.6018,,Maintained,APO vs Icilin,0.7788,
896-897,0.3222,,Rearranged,APO vs Icilin,0.0808,
924-925,0.4582,,Rearranged,APO vs Icilin,0.253,
925-927,0.4373,,Rearranged,APO vs Icilin,0.1725,
957-961,0.679,,Rearranged,APO vs Icilin,0.3902,
961-966,0.3515,,Rearranged,APO vs Icilin,0.0735,
962-966,0.1613,,Rearranged,APO vs Icilin,0.712,
963-967,0.4002,,Rearranged,APO vs Icilin,0.7368,
964-968,0.2442,,Rearranged,APO vs Icilin,0.5035,
973-973,0.3185,,Rearranged,APO vs Icilin,0.0542,
978-982,0.3648,,Rearranged,APO vs Icilin,0.882,
981-987,0.3723,,Rearranged,APO vs Icilin,0.0488,
986-990,0.3575,,Rearranged,APO vs Icilin,0.0683,
949-954,0.0,,Gained,APO vs Icilin,0.2405,
1004-1008,0.536,,Maintained,APO vs Icilin_Ca,,0.609
1006-1008,0.116,,Rearranged,APO vs Icilin_Ca,,0.378
741-1005,0.5655,,Rearranged,APO vs Icilin_Ca,,0.3593
745-839,0.608,,Rearranged,APO vs Icilin_Ca,,0.987
752-756,0.4273,,Rearranged,APO vs Icilin_Ca,,0.2107
754-758,0.3455,,Rearranged,APO vs Icilin_Ca,,0.142
759-765,0.2865,,Rearranged,APO vs Icilin_Ca,,0.083
761-763,0.5098,,Rearranged,APO vs Icilin_Ca,,0.111
761-816,0.0488,,Rearranged,APO vs Icilin_Ca,,0.3395
763-765,0.0558,,Rearranged,APO vs Icilin_Ca,,0.3347
768-771,0.5337,,Rearranged,APO vs Icilin_Ca,,0.3075
768-816,0.7485,,Maintained,APO vs Icilin_Ca,,0.642
769-773,0.9537,,Maintained,APO vs Icilin_Ca,,0.9255
776-780,0.8582,,Maintained,APO vs Icilin_Ca,,0.8347
782-793,0.1242,,Rearranged,APO vs Icilin_Ca,,0.926
782-802,0.4042,,Rearranged,APO vs Icilin_Ca,,0.0155
784-1004,0.2258,,Disrupted,APO vs Icilin_Ca,,0.0
785-1004,0.1527,,Rearranged,APO vs Icilin_Ca,,0.4012
789-1007,0.0163,,Rearranged,APO vs Icilin_Ca,,0.2515
793-799,0.1123,,Rearranged,APO vs Icilin_Ca,,0.6255
796-798,0.2062,,Rearranged,APO vs Icilin_Ca,,0.4975
796-799,0.113,,Rearranged,APO vs Icilin_Ca,,0.4815
798-801,0.1345,,Rearranged,APO vs Icilin_Ca,,0.4022
799-1004,0.0047,,Rearranged,APO vs Icilin_Ca,,0.2313
802-806,0.0998,,Rearranged,APO vs Icilin_Ca,,0.3202
802-842,0.4522,,Rearranged,APO vs Icilin_Ca,,0.9752
805-835,0.8612,,Maintained,APO vs Icilin_Ca,,0.9605
814-818,0.0465,,Rearranged,APO vs Icilin_Ca,,0.505
816-816,0.245,,Rearranged,APO vs Icilin_Ca,,0.5827
816-825,0.2662,,Rearranged,APO vs Icilin_Ca,,0.0123
818-824,0.3957,,Rearranged,APO vs Icilin_Ca,,0.0965
829-833,0.8297,,Maintained,APO vs Icilin_Ca,,0.792
830-834,0.389,,Rearranged,APO vs Icilin_Ca,,0.1555
834-837,0.2585,,Rearranged,APO vs Icilin_Ca,,0.464
836-840,0.9745,,Maintained,APO vs Icilin_Ca,,0.9885
842-1004,0.0045,,Rearranged,APO vs Icilin_Ca,,0.421
844-848,0.441,,Rearranged,APO vs Icilin_Ca,,0.117
848-994,0.7115,,Rearranged,APO vs Icilin_Ca,,0.982
851-851,0.587,,Rearranged,APO vs Icilin_Ca,,0.299
851-991,0.5583,,Rearranged,APO vs Icilin_Ca,,0.3465
855-990,0.13,,Rearranged,APO vs Icilin_Ca,,0.493
862-989,0.3902,,Rearranged,APO vs Icilin_Ca,,0.112
862-990,0.486,,Rearranged,APO vs Icilin_Ca,,0.0285
877-961,0.242,,Rearranged,APO vs Icilin_Ca,,0.0018
885-906,0.4848,,Rearranged,APO vs Icilin_Ca,,0.2702
885-914,0.4805,,Disrupted,APO vs Icilin_Ca,,0.0
885-918,0.001,,Rearranged,APO vs Icilin_Ca,,0.3553
886-899,0.2248,,Rearranged,APO vs Icilin_Ca,,0.0147
887-891,0.2612,,Rearranged,APO vs Icilin_Ca,,0.015
893-895,0.6018,,Maintained,APO vs Icilin_Ca,,0.5393
898-902,0.2167,,Rearranged,APO vs Icilin_Ca,,0.458
901-903,0.2107,,Rearranged,APO vs Icilin_Ca,,0.0055
902-903,0.0008,,Rearranged,APO vs Icilin_Ca,,0.2777
906-917,0.2065,,Rearranged,APO vs Icilin_Ca,,0.0003
924-925,0.4582,,Rearranged,APO vs Icilin_Ca,,0.0457
939-942,0.0047,,Rearranged,APO vs Icilin_Ca,,0.2062
942-944,0.295,,Rearranged,APO vs Icilin_Ca,,0.0418
942-946,0.0015,,Rearranged,APO vs Icilin_Ca,,0.6538
957-961,0.679,,Maintained,APO vs Icilin_Ca,,0.5165
961-966,0.3515,,Rearranged,APO vs Icilin_Ca,,0.0922
973-973,0.3185,,Rearranged,APO vs Icilin_Ca,,0.0413
986-990,0.3575,,Rearranged,APO vs Icilin_Ca,,0.0838
1002-1006,,0.5982,Maintained,APO_Ca vs Icilin,0.5687,
1003-1007,,0.6697,Maintained,APO_Ca vs Icilin,0.5853,
1004-1008,,0.3187,Rearranged,APO_Ca vs Icilin,0.6993,
745-839,,0.4873,Rearranged,APO_Ca vs Icilin,0.885,
749-836,,0.7137,Maintained,APO_Ca vs Icilin,0.7195,
751-754,,0.3872,Rearranged,APO_Ca vs Icilin,0.1805,
756-829,,0.531,Rearranged,APO_Ca vs Icilin,0.226,
759-761,,0.2132,Rearranged,APO_Ca vs Icilin,0.4345,
761-763,,0.2265,Rearranged,APO_Ca vs Icilin,0.5455,
767-770,,0.0948,Rearranged,APO_Ca vs Icilin,0.323,
768-816,,0.697,Maintained,APO_Ca vs Icilin,0.5695,
769-773,,0.6973,Maintained,APO_Ca vs Icilin,0.8878,
776-780,,0.6947,Maintained,APO_Ca vs Icilin,0.8135,
777-780,,0.208,Rearranged,APO_Ca vs Icilin,0.4535,
782-793,,0.982,Rearranged,APO_Ca vs Icilin,0.453,
782-802,,0.0025,Rearranged,APO_Ca vs Icilin,0.395,
793-795,,0.4288,Rearranged,APO_Ca vs Icilin,0.2107,
793-799,,0.735,Rearranged,APO_Ca vs Icilin,0.0905,
796-798,,0.5393,Rearranged,APO_Ca vs Icilin,0.31,
797-997,,0.233,Rearranged,APO_Ca vs Icilin,0.0015,
798-861,,0.3118,Rearranged,APO_Ca vs Icilin,0.0727,
799-802,,0.0612,Rearranged,APO_Ca vs Icilin,0.3987,
799-803,,0.9535,Rearranged,APO_Ca vs Icilin,0.351,
802-842,,0.3915,Rearranged,APO_Ca vs Icilin,0.8247,
805-835,,0.883,Maintained,APO_Ca vs Icilin,0.979,
815-819,,0.3875,Rearranged,APO_Ca vs Icilin,0.1035,
824-827,,0.6155,Rearranged,APO_Ca vs Icilin,0.305,
829-833,,0.7645,Maintained,APO_Ca vs Icilin,0.8435,
834-837,,0.1775,Rearranged,APO_Ca vs Icilin,0.4402,
836-840,,0.9912,Maintained,APO_Ca vs Icilin,0.9898,
838-841,,0.2925,Rearranged,APO_Ca vs Icilin,0.0853,
842-1004,,0.351,Rearranged,APO_Ca vs Icilin,0.0018,
842-845,,0.351,Rearranged,APO_Ca vs Icilin,0.0747,
843-846,,0.2293,Rearranged,APO_Ca vs Icilin,0.463,
845-848,,0.6965,Maintained,APO_Ca vs Icilin,0.5625,
848-994,,0.9788,Maintained,APO_Ca vs Icilin,0.9715,
851-851,,0.1057,Rearranged,APO_Ca vs Icilin,0.404,
853-856,,0.509,Maintained,APO_Ca vs Icilin,0.5158,
855-981,,0.2228,Disrupted,APO_Ca vs Icilin,0.0,
855-990,,0.1442,Rearranged,APO_Ca vs Icilin,0.7525,
862-989,,0.2853,Rearranged,APO_Ca vs Icilin,0.066,
862-990,,0.3895,Rearranged,APO_Ca vs Icilin,0.1555,
867-871,,0.321,Rearranged,APO_Ca vs Icilin,0.1035,
877-961,,0.005,Rearranged,APO_Ca vs Icilin,0.2067,
878-881,,0.324,Rearranged,APO_Ca vs Icilin,0.1082,
893-895,,0.4183,Rearranged,APO_Ca vs Icilin,0.7788,
923-956,,0.2382,Rearranged,APO_Ca vs Icilin,0.0018,
943-945,,0.32,Rearranged,APO_Ca vs Icilin,0.1145,
949-950,,0.3708,Rearranged,APO_Ca vs Icilin,0.0185,
951-954,,0.2667,Rearranged,APO_Ca vs Icilin,0.066,
954-954,,0.4472,Rearranged,APO_Ca vs Icilin,0.1703,
954-956,,0.296,Rearranged,APO_Ca vs Icilin,0.0853,
962-966,,0.6428,Maintained,APO_Ca vs Icilin,0.712,
963-967,,0.781,Maintained,APO_Ca vs Icilin,0.7368,
964-968,,0.6382,Maintained,APO_Ca vs Icilin,0.5035,
968-968,,0.243,Rearranged,APO_Ca vs Icilin,0.031,
978-982,,0.1695,Rearranged,APO_Ca vs Icilin,0.882,
795-997,,0.2162,Disrupted,APO_Ca vs Icilin,0.0,
949-954,,0.0092,Rearranged,APO_Ca vs Icilin,0.2405,
1004-1008,,0.3187,Rearranged,APO_Ca vs Icilin_Ca,,0.609
745-839,,0.4873,Rearranged,APO_Ca vs Icilin_Ca,,0.987
749-836,,0.7137,Rearranged,APO_Ca vs Icilin_Ca,,0.405
752-752,,0.5042,Rearranged,APO_Ca vs Icilin_Ca,,0.242
763-765,,0.129,Rearranged,APO_Ca vs Icilin_Ca,,0.3347
768-816,,0.697,Maintained,APO_Ca vs Icilin_Ca,,0.642
769-773,,0.6973,Rearranged,APO_Ca vs Icilin_Ca,,0.9255
776-780,,0.6947,Maintained,APO_Ca vs Icilin_Ca,,0.8347
782-793,,0.982,Maintained,APO_Ca vs Icilin_Ca,,0.926
784-1004,,0.2165,Disrupted,APO_Ca vs Icilin_Ca,,0.0
785-789,,0.5148,Maintained,APO_Ca vs Icilin_Ca,,0.5255
789-1007,,0.0205,Rearranged,APO_Ca vs Icilin_Ca,,0.2515
793-799,,0.735,Maintained,APO_Ca vs Icilin_Ca,,0.6255
796-799,,0.1953,Rearranged,APO_Ca vs Icilin_Ca,,0.4815
797-861,,0.4218,Rearranged,APO_Ca vs Icilin_Ca,,0.1643
798-801,,0.1762,Rearranged,APO_Ca vs Icilin_Ca,,0.4022
799-1004,,0.0,Gained,APO_Ca vs Icilin_Ca,,0.2313
799-803,,0.9535,Rearranged,APO_Ca vs Icilin_Ca,,0.6485
802-842,,0.3915,Rearranged,APO_Ca vs Icilin_Ca,,0.9752
805-835,,0.883,Maintained,APO_Ca vs Icilin_Ca,,0.9605
814-818,,0.17,Rearranged,APO_Ca vs Icilin_Ca,,0.505
815-819,,0.3875,Rearranged,APO_Ca vs Icilin_Ca,,0.0053
816-816,,0.1568,Rearranged,APO_Ca vs Icilin_Ca,,0.5827
817-819,,0.063,Rearranged,APO_Ca vs Icilin_Ca,,0.3237
821-825,,0.3013,Rearranged,APO_Ca vs Icilin_Ca,,0.0798
823-827,,0.3812,Rearranged,APO_Ca vs Icilin_Ca,,0.6212
824-827,,0.6155,Rearranged,APO_Ca vs Icilin_Ca,,0.3857
829-833,,0.7645,Maintained,APO_Ca vs Icilin_Ca,,0.792
834-837,,0.1775,Rearranged,APO_Ca vs Icilin_Ca,,0.464
836-840,,0.9912,Maintained,APO_Ca vs Icilin_Ca,,0.9885
843-846,,0.2293,Rearranged,APO_Ca vs Icilin_Ca,,0.4338
845-848,,0.6965,Rearranged,APO_Ca vs Icilin_Ca,,0.368
845-861,,0.2243,Rearranged,APO_Ca vs Icilin_Ca,,0.0163
848-994,,0.9788,Maintained,APO_Ca vs Icilin_Ca,,0.982
855-990,,0.1442,Rearranged,APO_Ca vs Icilin_Ca,,0.493
862-990,,0.3895,Rearranged,APO_Ca vs Icilin_Ca,,0.0285
863-865,,0.045,Rearranged,APO_Ca vs Icilin_Ca,,0.2547
864-866,,0.2747,Rearranged,APO_Ca vs Icilin_Ca,,0.0105
869-872,,0.185,Rearranged,APO_Ca vs Icilin_Ca,,0.3965
885-906,,0.525,Rearranged,APO_Ca vs Icilin_Ca,,0.2702
885-918,,0.001,Rearranged,APO_Ca vs Icilin_Ca,,0.3553
886-902,,0.3463,Rearranged,APO_Ca vs Icilin_Ca,,0.0255
898-902,,0.2562,Rearranged,APO_Ca vs Icilin_Ca,,0.458
902-903,,0.0132,Rearranged,APO_Ca vs Icilin_Ca,,0.2777
922-924,,0.3558,Rearranged,APO_Ca vs Icilin_Ca,,0.1195
923-956,,0.2382,Rearranged,APO_Ca vs Icilin_Ca,,0.0163
927-929,,0.3563,Rearranged,APO_Ca vs Icilin_Ca,,0.1062
939-942,,0.003,Rearranged,APO_Ca vs Icilin_Ca,,0.2062
942-946,,0.0387,Rearranged,APO_Ca vs Icilin_Ca,,0.6538
951-954,,0.2667,Rearranged,APO_Ca vs Icilin_Ca,,0.04
953-955,,0.384,Rearranged,APO_Ca vs Icilin_Ca,,0.1653
953-956,,0.0742,Rearranged,APO_Ca vs Icilin_Ca,,0.304
954-954,,0.4472,Rearranged,APO_Ca vs Icilin_Ca,,0.1643
962-966,,0.6428,Rearranged,APO_Ca vs Icilin_Ca,,0.3387
962-967,,0.0,Gained,APO_Ca vs Icilin_Ca,,0.222
963-967,,0.781,Rearranged,APO_Ca vs Icilin_Ca,,0.4158
964-968,,0.6382,Rearranged,APO_Ca vs Icilin_Ca,,0.2355
968-968,,0.243,Rearranged,APO_Ca vs Icilin_Ca,,0.0367
978-982,,0.1695,Rearranged,APO_Ca vs Icilin_Ca,,0.5543
1004-1008,,,Maintained,Icilin vs Icilin_Ca,0.6993,0.609
1006-1008,,,Rearranged,Icilin vs Icilin_Ca,0.0517,0.378
741-1005,,,Rearranged,Icilin vs Icilin_Ca,0.1407,0.3593
745-839,,,Maintained,Icilin vs Icilin_Ca,0.885,0.987
749-836,,,Rearranged,Icilin vs Icilin_Ca,0.7195,0.405
761-763,,,Rearranged,Icilin vs Icilin_Ca,0.5455,0.111
762-816,,,Rearranged,Icilin vs Icilin_Ca,0.091,0.2915
768-816,,,Maintained,Icilin vs Icilin_Ca,0.5695,0.642
769-773,,,Maintained,Icilin vs Icilin_Ca,0.8878,0.9255
776-780,,,Maintained,Icilin vs Icilin_Ca,0.8135,0.8347
777-780,,,Rearranged,Icilin vs Icilin_Ca,0.4535,0.2102
782-793,,,Rearranged,Icilin vs Icilin_Ca,0.453,0.926
782-802,,,Rearranged,Icilin vs Icilin_Ca,0.395,0.0155
784-1004,,,Disrupted,Icilin vs Icilin_Ca,0.334,0.0
785-1004,,,Rearranged,Icilin vs Icilin_Ca,0.1412,0.4012
789-1007,,,Rearranged,Icilin vs Icilin_Ca,0.006,0.2515
793-799,,,Rearranged,Icilin vs Icilin_Ca,0.0905,0.6255
796-799,,,Rearranged,Icilin vs Icilin_Ca,0.2617,0.4815
798-801,,,Rearranged,Icilin vs Icilin_Ca,0.0707,0.4022
799-1004,,,Rearranged,Icilin vs Icilin_Ca,0.0125,0.2313
799-802,,,Rearranged,Icilin vs Icilin_Ca,0.3987,0.13
799-803,,,Rearranged,Icilin vs Icilin_Ca,0.351,0.6485
802-842,,,Maintained,Icilin vs Icilin_Ca,0.8247,0.9752
805-835,,,Maintained,Icilin vs Icilin_Ca,0.979,0.9605
814-818,,,Rearranged,Icilin vs Icilin_Ca,0.2362,0.505
816-816,,,Rearranged,Icilin vs Icilin_Ca,0.0675,0.5827
823-827,,,Rearranged,Icilin vs Icilin_Ca,0.271,0.6212
829-833,,,Maintained,Icilin vs Icilin_Ca,0.8435,0.792
836-840,,,Maintained,Icilin vs Icilin_Ca,0.9898,0.9885
842-1004,,,Rearranged,Icilin vs Icilin_Ca,0.0018,0.421
846-848,,,Rearranged,Icilin vs Icilin_Ca,0.4133,0.2105
848-994,,,Maintained,Icilin vs Icilin_Ca,0.9715,0.982
855-990,,,Rearranged,Icilin vs Icilin_Ca,0.7525,0.493
856-981,,,Gained,Icilin vs Icilin_Ca,0.0,0.2057
877-961,,,Rearranged,Icilin vs Icilin_Ca,0.2067,0.0018
882-903,,,Rearranged,Icilin vs Icilin_Ca,0.2507,0.0428
885-906,,,Rearranged,Icilin vs Icilin_Ca,0.479,0.2702
885-918,,,Rearranged,Icilin vs Icilin_Ca,0.0003,0.3553
893-895,,,Rearranged,Icilin vs Icilin_Ca,0.7788,0.5393
898-902,,,Rearranged,Icilin vs Icilin_Ca,0.0905,0.458
902-903,,,Rearranged,Icilin vs Icilin_Ca,0.0115,0.2777
918-920,,,Rearranged,Icilin vs Icilin_Ca,0.099,0.3695
924-925,,,Rearranged,Icilin vs Icilin_Ca,0.253,0.0457
942-946,,,Rearranged,Icilin vs Icilin_Ca,0.0892,0.6538
949-950,,,Rearranged,Icilin vs Icilin_Ca,0.0185,0.2313
953-956,,,Rearranged,Icilin vs Icilin_Ca,0.0535,0.304
962-966,,,Rearranged,Icilin vs Icilin_Ca,0.712,0.3387
962-967,,,Rearranged,Icilin vs Icilin_Ca,0.0053,0.222
963-967,,,Rearranged,Icilin vs Icilin_Ca,0.7368,0.4158
964-968,,,Rearranged,Icilin vs Icilin_Ca,0.5035,0.2355
969-973,,,Rearranged,Icilin vs Icilin_Ca,0.0312,0.238
971-975,,,Rearranged,Icilin vs Icilin_Ca,0.072,0.31
978-982,,,Rearranged,Icilin vs Icilin_Ca,0.882,0.5543
981-987,,,Rearranged,Icilin vs Icilin_Ca,0.0488,0.2635
949-954,,,Rearranged,Icilin vs Icilin_Ca,0.2405,0.0022
